www.3xindianmovies.com	104.28.4.169
www.porndig.com	104.18.96.72
worldfilms4u.com	104.28.5.246
mature4.net	185.117.88.53
www.imagefap.com	109.201.130.57
thepiratebay.bypassed.run	185.53.177.50
www.solidfiles.com	37.221.163.214
www.bubblebuttpics.com	188.72.222.195
indiandhamal.com	47.52.200.121
limetorrents.unblocked.live	104.18.37.230
www.streamable.com	151.101.65.63
1337x.unlockproject.space	103.224.182.250
piratebay.host	185.53.178.53
watchify.net	52.58.78.16
hdmovie16.in	103.224.182.246
www.songspk3.co	104.27.161.17
fsiblog.com	104.28.23.54
immunicity.live	185.53.177.50
www.tubepornstars.com	167.99.153.219
worldfree4u.store	185.53.178.12
www.limetorrents.co	104.28.28.199
live.sugarbbw.com	3.224.98.198
www.milfsection.com	206.54.182.52
putlockerto.net	104.24.100.183
yts.unblocked.at	104.28.9.230
www.istreems.com	209.40.107.84
mediaonlinebd.com	103.48.119.233
www.naughty.com	207.178.206.89
hide.me	188.166.223.195
pinkworld.com	64.111.221.56
www.chubbygirlpics.com	185.49.146.140
www.indiansexstories.net	104.18.54.71
www.chabka.com	52.58.78.16
4everproxy.com	107.189.165.30
mycrickethighlights.com	185.140.230.52
watchfomny.tv	104.31.76.229
rarbg.to	185.37.100.122
limetorrents.website	185.53.177.51
www.seedpeer.me	104.31.73.183
xpornking.com	104.31.72.8
video44.net	159.69.186.9
www.limetor.com	104.18.42.49
yodesi.net	104.27.173.65
www.pinksofa.com	40.126.247.120
hdmoviesking.com	23.29.122.171
extratorrent.cc	104.28.19.50
www.vdobite.com	104.200.22.130
www.rubber-kingdom.com	66.115.154.171
torrentz.unlockproject.space	103.224.182.250
tvcric.site	89.35.39.6
tamilrockerss.in	185.53.177.53
videobam.com	91.195.240.126
torrentdownloads.ukunblock.download	185.53.177.11
lahorecinema.com	104.27.128.5
indoshares.com	198.54.126.141
unblocked.at	104.28.8.230
moviezwap.info	91.195.240.87
vimeo.com	151.101.64.217
www.maturesladies.com	88.208.7.16
www.xxxkinky.com	104.28.3.88
hdsports.me	185.53.177.51
www.o2cinemas.com	163.172.110.116
tvaovivogratis.net	31.220.2.120
www.bollyrulez.me	104.27.166.97
torrentbit.ukunblock.pw	185.53.177.53
kickass.unblocked.at	104.28.8.230
mightyupload.com	144.217.181.167
hdupload.me	185.53.177.50
immunicity.fyi	185.53.177.51
torrentz.bypassed.today	185.53.177.53
piratebay.unlockproject.online	185.53.178.54
playreplay.net	92.223.103.111
video.freex.mobi	104.28.10.125
torrentfunk.unblocked.bet	104.18.33.42
okjatt.com	104.27.148.74
www.proxy4free.com	163.172.68.142
www.isohunt.to	185.225.18.165
footdirect24.com	95.216.161.60
hugefiles.net	104.24.108.251
extratorrent.kickassproxy.eu	104.27.144.174
www.penguinvids.com	104.27.172.121
limetorrents.unblocked.world	185.53.178.52
www.sambaporno.com	167.99.0.49
showsport-tv.com	104.31.3.171
aljazeera.com	13.49.60.95
onlinemoviewatchs.cc	103.224.182.239
zakoon.info	89.35.39.6
www.vimple.ru	104.28.7.111
imaturewomen.com	109.206.166.11
stretchedpussy.tumblr.com	74.114.154.22
oldwomanface.com	103.224.182.251
hdking.co	185.53.177.53
full-movieonline4u.blogspot.in	172.217.163.33
dht.bittor.ch	185.53.178.51
moviesweekend.net	91.195.240.117
www.pussy-mature.com	68.169.98.106
www.livecricwatch.com	91.195.240.126
kickass.unblocked.vip	104.18.50.219
filmlinks4u.is	104.18.37.19
greatgrandmasti2016hindimoviedownload.blogspot.in	172.217.163.33
limetorrents.immunicity.live	185.53.177.50
www.elderly-women.com	95.211.213.51
www.theofficiallouisejenson.com	66.115.129.138
www.alloldpics.com	206.54.191.187
limetorrents.bypassed.today	185.53.177.53
mastitorrents.net	103.224.182.245
stagevu.com	209.58.162.201
xshare.cz	185.174.171.182
lisaannlovers11.tumblr.com	74.114.154.18
www.crictime.com	185.112.157.130
pirateproxy.click	185.53.177.13
torrentz.sx	185.53.177.54
live2all.me	104.27.132.3
www.videospornonacional.com	103.224.182.207
googlevideo.com	172.217.167.132
piratebay.unlockproject.win	185.53.177.54
tubetamil.com	104.31.80.211
www.momsecstasy.com	104.27.169.174
xhamster.com	104.18.155.3
uptostream.com	104.26.4.174
thepiratebay.immunicity.team	185.53.177.50
www.peliculaspornogratisxxx.com	104.27.166.249
www.liberteenage.com	54.37.57.61
www.99hdfilms.com	104.24.116.107
www.empflix.com	172.104.74.140
movie-rulz.com	45.79.19.196
jpangel101.tumblr.com	74.114.154.22
torrentbit.unblocked.vip	104.18.50.219
mature-women-tube.org	23.235.198.21
www.watchsolarmovie.com	104.28.1.111
moshahda.net	104.18.63.134
www.eros.com	107.154.184.161
hotelmatures.com	68.169.85.101
www.tukif.com	104.16.245.250
freetvall.me	185.53.177.14
1337x.unlockproject.bid	185.53.177.53
fullmoviedownload.co.in	185.53.177.31
torrentz.bypassed.me	185.53.177.52
limetorrents.bypassed.pw	185.53.177.50
piratebay.unlockproject.space	103.224.182.250
quickyshare.net	46.252.205.226
muchshare.net	184.168.131.241
queenofmature.com	37.48.105.208
torrentz.bypassed.run	185.53.177.50
www.yodesi.tv	104.28.26.162
todaypk.to	185.53.177.53
www.porn00.org	104.27.147.58
www.crichd.info	104.27.154.253
kasamterepyaarki.co	104.31.65.175
slexy.org	34.204.113.54
www.tubexclips.com	46.229.162.251
www.xvideos.com	185.88.181.6
milfs30.com	104.26.15.161
torrentz.is	185.53.177.52
webcric.com	104.27.170.165
www.1337x.com	45.79.19.196
jokerplanete.com	213.186.33.2
www.onlinemoviesgold.me	185.53.177.53
store.falconstudios.com	34.200.48.213
www.oldmomstgp.com	95.211.213.51
www.300mbdownload.net	103.224.182.245
fsicrew.info	104.200.22.130
www.movierulz25.com	185.53.178.50
www.premiercastingporno.com	185.18.81.24
torrertbit.immunicity.ltd	185.53.177.50
www.chocomilf.com	104.27.181.68
pirateproxy.one	104.28.2.254
www.faststream.in	104.18.60.55
movieort.com	104.28.2.128
kickass.unblocked.bet	104.18.32.42
www.auroravid.to	185.53.177.10
unblocked.world	185.53.178.52
www.x-art.com	74.206.167.247
icc.crictime.is	188.166.203.57
www.x-ho.com	185.88.181.57
nowfeed2all.eu	80.82.70.121
www.lechecaliente.com	198.178.127.79
www.filesupload.org	54.36.106.219
sawlive.tv	104.27.160.85
realvid.net	103.224.182.251
vtv4u.eu	185.53.177.20
www.porno.com	141.0.173.133
www.sexynakedamateurgirls.com	64.188.57.15
moontamil.com	104.31.81.148
movierulz.desi	185.53.177.51
www.firstrowas.eu	80.82.70.109
thepiratebay.bypassed.info	185.53.177.54
www.nuvid.com	88.208.59.70
sportlive.lt	104.18.43.116
www.watchonlinemovies.com.pk	104.28.20.205
limetorrents.bypassed.party	185.53.178.51
www.misstral.com	78.46.81.14
www.footballembed.com	104.27.143.252
yesmovies.to	104.18.60.141
pc.crictime.is	188.166.203.57
www.a2livetv.com	104.18.44.134
www.nowdownload.sx	104.28.17.15
watch.cricfix.com	104.31.85.132
www.pof.com	104.18.16.5
sitenow.me	104.27.170.235
filesupload.org	54.36.106.219
piratebay.to	104.27.153.186
www.cricvid.in	185.151.30.130
www.tubestack.com	157.245.250.125
1337x.usunblock.pro	185.53.178.12
kirtu.com	104.31.91.108
hd9.in	104.27.134.90
hidester.com	104.26.13.83
maturelle.com	104.28.31.94
torrentdownloads.bypassed.date	185.53.178.50
juicy-matures.com	68.169.85.99
www.tellynagari.com	91.236.116.95
www.videomega.tv	103.224.182.251
1337x.usbypass.men	185.53.177.54
videowood.tv	104.28.10.48
isohunt.kickass-torrents.club	103.224.182.246
torrentdownloads.unlockpro.cricket	185.53.177.50
www.tamilrockers.net	104.24.104.219
torrentz.immunicity.fyi	185.53.177.51
online-soccer.eu	176.9.156.247
www.look-tvs.com	104.28.8.107
gaypornium.com	54.39.133.187
www.xxx.xxx	52.87.34.244
albtvhd.com	104.27.186.87
www.torrentdownload.ch	104.24.121.89
pogba.net	223.26.138.4
hotstar.top	185.53.177.54
www.nudematurespics.com	95.211.213.51
www.vipleague.is	46.28.201.32
icematures.com	103.224.182.251
nitrobits.com	104.247.81.102
footballembed.com	104.27.142.252
vintagehairy.net	204.93.61.114
hunt.kickass-torrents.club	103.224.182.246
youtube.com	172.217.167.142
uploadhero.com	159.69.186.9
www.manatelugumovies.net	104.24.97.186
milfsaffair.com	35.203.113.247
filesbomb.in	91.121.210.207
www.tudou.com	47.91.203.234
hotfreemilfs.com	37.48.105.208
keeplinks.eu	104.31.64.108
www.kanqiu.tv	117.18.73.146
rutracker.org	195.82.146.214
movie.vidmate.mobi	161.117.107.129
hdmoviepoint.com	45.33.23.183
worldfree4u.ind.in	104.28.22.80
keep2share.cc	104.26.9.42
www.1live.tv	104.18.60.135
urdunewspakistan.com	162.255.118.65
starvestnik.ru	104.31.89.237
1337x.unlockproj.space	185.53.179.23
www.sdmoviespoint.com	103.224.182.238
www.el-ladies.com	216.201.93.56
www.dailymaza.com	103.224.182.238
jav-porn.net	104.27.184.172
myp2p.pw	185.53.178.51
torrentdownloads.immunicity.live	185.53.177.50
index-of-stream.com	77.73.67.112
telegraph.co.uk	143.204.222.43
www.serviporno.com	104.26.11.243
thepiratebay.bypassed.works	185.53.177.54
piratebay1.com	52.58.78.16
rarbg.immunicity.world	185.53.177.53
web.smartcric.com	173.208.244.218
kickass.unlockproject.info	185.53.179.29
www.freemilfsite.com	103.224.182.241
terafile.co	104.27.157.67
proxyportal.org	104.31.82.193
tvsport24.info	5.189.255.96
goo.gl	172.217.163.206
freemoviewatchonline.com	104.28.21.124
www.myhotsite.net	104.247.81.101
torrertbit.bypassed.run	185.53.177.50
www.iplstream.com	104.247.81.104
paste4btc.com	104.27.166.111
legalporno.com	185.120.71.25
movies4android.com	185.53.178.50
www.kundapra.com	13.235.227.231
fileown.com	104.200.22.130
www.bollywoodnudesex.net	64.59.78.59
video-one.com	104.31.0.170
www.sumotorrent.sx	104.27.191.207
www.porn.com	67.22.49.255
www.fullsportlive.org	103.224.182.251
putlocker.com	104.24.109.185
www.fucking8.com	103.224.182.251
mipsplayer.com	103.224.182.208
www.3xindiansex.com	51.178.98.198
www.myfreecams.com	163.237.225.37
torrentdownloads.to	185.53.178.13
www.classic-moms.com	199.115.115.67
uploadcrazy.net	103.224.182.251
piratebay.unlockproj.space	185.53.179.23
piratebayportal.co.uk	185.53.177.50
www.liveleak.com	199.80.59.186
twocircles.net	104.24.123.242
www.0dian8.com	104.18.46.173
indishare.com	104.28.4.200
www.khatrimazamovies.in	185.53.177.52
www.divxstage.to	158.85.81.10
www.gayguatemala.com	204.11.58.143
movizonline.me	104.27.132.119
hdlatestmovies.com	1.1.1.1
titorrent.com	96.126.123.244
tvcric.info	89.35.39.6
freesex.com	35.165.255.15
kickass.immunicity.gold	185.53.177.52
gcric.com	104.27.182.66
www.freeones.com	45.32.2.91
mystarmovies.in	185.53.177.51
olweb.tv	77.73.67.112
kickass.unblocked.tw	104.24.112.62
movie4ufree.mobi	185.53.178.52
torrentz.unlockpro.faith	185.53.178.14
www.filmlinks4u.to	103.224.182.238
www.fancylive.com	52.58.78.16
justwatchfree.com	104.31.79.93
torrentz.link	104.27.152.134
telegram.org	149.154.167.99
katmoviehd.co.in	185.53.177.51
iraqgoals.in	104.28.19.34
fullfreemovies.me	185.53.177.31
kickass.soy	104.27.170.48
limetorrents.unblocker.cc	104.27.138.235
movie24k.live	185.53.177.52
tour.fuckmyindiangf.com	66.115.129.42
unblocked.bet	104.18.32.42
www.milfjam.com	109.206.164.164
modovideo.com	184.168.131.241
kickass.unlockproject.space	103.224.182.250
www.www.movierulz.cx	185.53.177.51
yify-torrent.org	104.31.91.115
moviesky.in	185.53.177.31
www.redtube.com	216.18.168.124
www.freemilfpornpics.com	109.206.164.185
www.kingsizebreasts.com	162.251.108.162
www.moviefry.net	45.79.19.196
www.sexymilfpussy.com	109.206.164.183
www.watchersweb.com	208.86.0.200
torrentdownloads.immunicity.works	185.53.177.54
l337x.ukunblock.faith	185.53.178.50
www.movierulz.mn	185.53.177.50
www.jeux-flash-sexy.com	213.186.33.16
eztv.unblocked.at	104.28.9.230
footballhd.ru	136.243.67.103
www.hugefiles.net	104.24.109.251
vidwatch.me	5.182.210.208
pornfromczech.com	89.221.213.59
www.daago.info	89.35.39.6
sharesix.com	104.27.141.5
www.streamify.tv	109.237.138.44
torrertbit.immunicity.world	185.53.177.53
pc.webcric.com	104.27.171.165
www.perucaseras.com	50.31.188.101
watchcriclive.info	104.27.130.37
www.olderkiss.com	104.28.18.64
limetorrents.unblocked.at	104.28.9.230
tune.pk	37.221.164.200
hdmoviescounter.net	185.53.178.51
www.azgals.com	104.27.173.2
www.thecrictime.com	145.239.108.8
www.pornorama.com	104.17.25.71
www.worldfree4u.blog	185.53.178.51
www.cindymovies.com	185.88.181.56
www.maturetube.com	167.99.226.20
www.tamildhool.com	104.28.24.243
uploadfiles.io	104.27.39.116
www.poringa.net	104.26.2.180
tpblist.top	185.53.178.53
filmywap.ws	104.27.175.218
www.dailymotionfullmovie.com	103.224.182.245
www.primecurves.com	99.192.140.124
sumotorrent.sx	104.27.191.207
tamilrockers.im	185.53.177.54
fullmovieonlinehd.in	185.53.178.50
tamilrockers.download	185.53.177.54
torrentdownload.ukunblock.download	185.53.177.11
filmywap.com	104.31.89.202
t.me	149.154.167.99
tamilyogi.fm	104.27.179.164
wapkafiles.com	208.80.123.195
movie24k.cz	185.53.178.50
www.videosxxxputas.xxx	104.26.2.216
vpnbook.com	46.28.53.124
watchcric.nl	91.195.240.126
xhot.sextgem.com	54.36.158.42
bingtorrent.org	103.224.182.251
oklivetv.com	104.18.54.132
tamilmovierockers.net.in	185.53.177.50
www.theusaposts.com	104.18.51.188
vidpaid.com	104.200.22.130
www.freshmaza.co	103.224.182.250
yts.ag	104.31.89.96
kickass-cd.pbproxy.red	103.224.182.238
torrentdownloads.unblocked.party	185.53.177.53
sharerepo.com	104.28.21.128
piratebay.unlockproject.bid	185.53.177.53
www.oleoletv.ws	185.53.178.52
www.idealmilf.com	206.54.182.50
freefootball.ws	217.23.13.10
matureclithunter.com	68.169.85.101
playboy.com	13.35.101.67
futbolarg.tv	104.31.78.78
www.eeltube.com	46.229.166.165
www.agedmamas.com	104.27.188.22
junocloud.me	103.224.182.250
pirateiro.com	104.27.153.250
www.vidxden.to	158.85.81.10
porn720.com	164.132.148.110
extratorrent.ag	104.28.23.13
fullmoviesfree4u.com	173.236.138.113
www.nudeold.com	23.228.217.200
filestube.to	212.14.50.21
putlockersplus.net	91.195.240.126
www.myvi.ru	104.31.11.181
www.livesoccertv.com	104.26.4.101
zupload.pw	104.27.134.130
torrentdownloads.unblocker.cc	104.27.138.235
sex3.com	88.208.55.222
speedplay.pro	185.53.177.53
www.cricalive.com	104.24.118.233
world4ufree.one	185.53.177.31
playmaza.live	185.53.177.53
whoer.net	104.22.3.187
www.streamable.ch	185.53.177.51
katcr.immunicity.team	185.53.177.50
worldfree4u.cool	185.53.177.52
piratebay.run	185.53.178.14
reddit.com	151.101.65.140
torrentz.ht	185.53.178.50
soundcloud.com	54.239.191.50
limetorrents1.immunicity.gold	185.53.177.52
milf-fucking.net	23.88.237.59
movies7.in	103.224.182.238
watchfree.to	91.195.240.126
totbet.net	45.147.197.70
hdmoviedownload.info	45.33.23.183
www.liveflash.tv	104.24.124.66
www.playking.in	148.66.137.119
uploaded.net	81.171.123.200
www.a2zstream.com	198.58.118.167
torrertbit.bypassed.works	185.53.177.54
video.vidcrazy.net	91.195.240.68
mkvflims.com	104.31.64.87
tamilrockers.com	77.81.121.139
www.vodlocker.city	185.53.177.54
milfatwork.net	162.254.188.72
streamendous.com	104.31.64.22
jihadwatch.org	192.124.249.111
pirateproxy.tf	103.224.182.238
www.adultphonechatlines.co.uk	83.223.106.15
torrentz.bypassed.date	185.53.178.50
torrentbit.unblocked.world	185.53.178.52
moviezwap.org	104.31.2.166
www.picktorrent.com	179.43.157.64
movierulz.top	185.53.177.53
tamilgun.vip	91.195.240.126
torrentfunk.unblocked.cat	104.24.98.208
www.moviedramaguide.top	185.53.177.52
www.pretty-matures.com	199.115.115.67
hindi-movies.bollyv4u.com	104.28.26.52
malayalamserials.in	185.53.177.52
uploadz.co	185.53.177.50
tpblist.org	104.28.10.99
freelivesports.co	5.182.209.32
www.bongdatructuyen.vn	104.28.3.60
openload.co	34.235.250.63
www.imaturewomen.com	109.206.166.11
webcam.com	207.246.147.191
www.thefreecamsecret.com	216.127.52.174
world4ufree.nl	185.53.177.31
www.liveonlinetv247.com	85.204.246.57
www.cinevedika.net	104.28.15.73
www.torrenthat.com	104.217.89.215
www.webmusic.in	68.183.205.1
vidspot.net	104.24.96.134
torrentz.immunicity.ltd	185.53.177.50
1337x.unlockproject.host	185.53.177.53
hot-naked-milfs.com	37.48.105.208
piratebay.li	185.53.178.53
www.desitvbox.net	104.28.7.129
indiansex4u.com	209.216.91.7
www.fakku.net	104.20.40.171
movzap.com	185.53.177.52
www.olderwomentaboo.com	104.27.165.18
www.stripping-moms.com	95.211.213.51
hungrymatures.com	68.169.85.99
www.torrentsmirror.com	104.27.152.36
uploadboy.com	104.26.4.101
thepiratebay.immunicity.ltd	185.53.177.50
www.40somethingmag.com	209.208.211.200
limetorrents.bypassed.run	185.53.177.50
kickass.unlockproject.win	185.53.177.54
torrentfunk.unblocked.at	104.28.9.230
proxyspotting.in	103.224.182.238
www.torrentdownloads.site	169.55.132.219
torrentdownloads.unblocked.run	185.53.178.54
kqjf3r1ubj.1fichier.com	5.39.224.140
movfun.info	91.195.240.68
www.tube8.com	216.18.168.66
www.conejox.com	104.27.161.108
watchlivetv.de	77.111.240.6
janjuaplayer.com	104.18.42.66
orangehdmoviefree.blogspot.in	172.217.163.33
www.heganporn.com	103.224.182.251
megaproxy.com	199.85.208.22
onlinemoviewatchs.tv	103.224.182.251
fileom.com	185.53.177.52
www.streamgaroo.com	104.18.54.42
futebolaovivogratis.org	104.200.22.130
torrent4you.me	104.28.7.189
miplayer.net	103.224.182.251
www.webcric.com	104.27.170.165
olivertv.com	104.18.32.237
www.onlygirlvideos.com	185.88.181.53
xdesi.mobi	103.224.182.238
www.freematurepornpics.com	109.206.166.18
wikimax.eu	104.18.55.167
tamilrockers.mx	78.47.211.208
www.cinevedika.com	104.18.63.6
www.slutload.com	216.18.168.205
torrentbit.unblockmy.host	185.53.178.54
www.mp4movies.info	103.224.182.245
my.opera.com	185.26.182.114
www.bolly2tolly.com	104.31.72.142
www.webs.com	104.17.119.40
www.watchmovie1k.com	45.35.122.109
www.world4movies.in	185.53.178.52
freemovieonline.co	104.24.123.57
limetorrents.unblocked.li	104.27.155.145
www.savukkuonline.com	138.68.119.85
eztv.unblocked.tw	104.24.113.62
www.3dstreaming.org	62.149.142.147
filmsd.net	185.53.177.31
www.nudematurepussy.com	109.206.176.22
www.joncjg.blogspot.in	172.217.163.33
www.fullmovierulz.in	185.53.177.53
www.kink.com	104.22.11.86
www.multiup.org	104.31.0.167
vivthomas.com	207.66.141.189
movie4ufree.in	185.53.177.50
excuse-me.net	198.58.118.167
www.milfbank.com	206.54.167.211
www.movierulz.ag	185.53.178.53
www.oceanofmovies.co	213.136.88.181
fullmoviedownloadhd.blogspot.in	172.217.163.33
moviesmaza.in	185.53.178.54
torrentdownloads.unlockpro.download	185.53.177.52
adultwork.com	81.23.242.10
whoresmilfsdegraded.tumblr.com	74.114.154.22
www.cricfree.tv	185.233.186.104
movizland.com	104.27.185.95
thepiratebay.org	162.159.137.6
immunicity.ltd	185.53.177.50
www.embed247.com	103.224.182.251
www.limetorrents.cc	104.28.0.78
tellynagari.com	91.236.116.95
www.kavkazvideo.com	173.239.8.164
yourather.com	174.129.6.131
torrentfunk.com	104.27.170.80
yourlust.com	78.140.178.84
tv.yesurdu.com	213.186.33.173
kat.how	104.27.133.117
www.iknowthatgirl.com	66.254.114.54
latestindianmoviesonlines.blogspot.in	172.217.163.33
mersalaayitten.net	103.224.182.251
livetv.pk	178.237.35.121
indiansexpics.net	66.115.130.65
kickass.st	104.27.158.110
www.randyhags.com	103.224.182.251
piratebay.red	103.224.182.238
www.desipapa.com	104.31.86.118
www.bbc.co.uk	212.58.237.252
themovie4u.live	185.53.178.51
jafrianews.com	192.0.78.25
football-live-streaming.sx	185.53.177.50
www.allindiansex.com	64.59.116.160
torrentz.unlockpro.bid	185.53.177.31
www.nudemomandboy.com	159.69.83.207
torrentbit.unblocked.cat	104.24.99.208
www.madmamas.com	104.27.190.48
vidoza.net	193.233.15.119
gist.github.com	13.234.210.38
w4files.pw	104.31.12.168
prntscr.com	104.22.44.170
www.khantv.com	104.27.187.190
watch5s.is	103.224.182.238
www.youjizz.com	216.18.168.162
nogomya.ch	87.106.73.138
www.digitalplayground.com	66.254.114.54
immunicity.gold	185.53.177.52
limetorrents.unblocked.onl	104.27.163.92
olderwomenarchive.com	104.24.113.172
gooool.org	104.26.9.126
www.movieshop24.info	104.28.2.193
www.playboy.com	143.204.222.34
www.crictime.livecricwatch.com	91.195.240.126
www.gaytube.com	66.254.114.158
piratebay.unlockpro.pw	185.53.178.50
latestonlinemovie.net	45.79.19.196
www.loupiote.com	74.208.186.179
rapidvideo.ws	185.53.178.50
gamovideo.com	104.24.100.227
www.inmaza.com	156.251.40.204
www.cliphunter.com	99.192.226.225
techmediatune.com	5.189.135.86
torrertbit.bypassed.world	185.53.177.53
premier-league-live.net	104.31.76.55
freecalcio.eu	104.31.71.227
idope.se	104.31.8.156
www.lushstories.com	67.215.246.22
torrentdownloads.unlockpro.racing	185.53.177.53
thepiratebay.bypassed.men	185.53.177.50
web.telegram.org	149.154.167.99
www.tubegalore.com	134.209.126.213
movies5x.com	159.69.186.9
www.songspkbrand.com	83.136.253.252
www.jizzle.com	185.88.181.60
www.lovetamil.net	104.24.124.158
indosports.tv	103.224.182.251
hitfile.net	37.252.15.162
mersalaayitten.co	185.53.177.53
vshare.eu	37.120.137.178
pirateproxy.cc	104.18.60.115
tamilgun.cam	185.53.177.52
torrentdownloads.unblocked.vip	104.18.51.219
piratebay.unlockproject.host	185.53.177.53
www.indiangilma.com	104.31.7.171
istreems.com	209.40.107.84
sport5online.com	104.24.103.33
torrentz.immunicity.works	185.53.177.54
mastiglobe.com	180.215.20.50
watchfreemovie4k.online	185.53.177.52
zone-telechargement.ws	104.18.34.80
www.gratishentai.net	58.158.29.70
www.cholotube.com	173.82.114.120
naturalbd.com	103.43.148.68
kat.co.nz	52.58.78.16
soola.tk	159.69.77.107
videohost.site	185.53.177.31
www.freemp4movies.com	91.195.240.126
www.yourbittorrent.com	104.31.85.208
hdsport.net	104.18.53.245
www.footballstreaming.tv	103.224.182.251
torrentz2.eu	104.28.24.5
watchfilmsonline.co	185.53.178.14
pirateproxy.cat	104.27.134.101
torrentdownloads.unlockpro.faith	185.53.178.14
karodownload.com	104.28.18.117
www.30plusgirls.com	23.92.77.103
kumpulmovieindo.co	104.24.126.221
mycrickethighlights.co	104.27.185.142
xbabe.com	88.208.55.35
www.linkedin.com	13.107.42.14
ilovematurewomen.tumblr.com	74.114.154.18
youtu.be	172.217.163.78
www.playmaza.com	103.224.182.238
www.cricknock.com	104.27.141.211
rdxhd.info	103.224.182.238
nonvegjokes.com	217.160.25.152
uploadbank.com	149.56.26.226
thepiratebay.immunicity.fyi	185.53.177.51
kickass.unlockproject.co	185.53.177.52
worldfree4u.life	185.53.177.54
vidshare.me	185.53.177.13
www.maghrebinnes.xl.cx	5.135.149.81
www.porntube.com	104.18.147.225
www.dailyolders.com	199.115.115.67
www.pornochaud.com	104.27.173.246
www.xtube.com	66.254.114.138
watchmovie.today	185.53.178.53
streamify.tv	109.237.138.44
www.alluc.ee	104.20.104.30
x982kss2yq.1fichier.com	5.39.224.140
www.hairy.com	207.246.147.248
piratebays.co	185.53.178.50
tv-online.im	172.96.184.207
torrentz.unlockproject.bid	185.53.177.53
www.ixxx.com	167.99.155.21
ulaginazhagiyamuthalpenn.blogspot.com	172.217.163.33
freetv.pk	178.237.35.146
thepiratebay.immunicity.works	185.53.177.54
www.watchonlinemovies.pk	104.28.5.227
sportlemon.space	103.224.182.250
tnhdmovies.in	185.53.178.50
www.drakulastream.eu	151.139.128.11
torrentdownloads.immunicity.ltd	185.53.177.50
www.bollyrulez.tv	104.27.182.27
www.cricfree.sx	185.233.186.104
shaamtv.com	158.106.190.167
wegret.com	104.247.81.103
www.funatoz.click	50.87.144.20
www.consumercomplaints.in	104.27.152.252
torrentz.unlockpro.cricket	185.53.177.50
www.fresholders.com	199.115.115.67
www.maturemomsporn.com	109.206.166.17
www.themoviedb.org	99.86.23.16
ptvsports.tv	104.28.9.87
thepiratebay.bid	104.18.45.174
kickasstorrents.to	104.22.33.168
newsfilter.org	208.90.155.16
khan-tv.top	91.195.240.126
lewd-babes.com	162.251.108.41
thepiratebay.bypassed.world	185.53.177.53
www.openloadmovies.me	185.53.177.53
streamplay.to	104.31.79.124
www.katestube.com	68.169.100.102
idope.ukunblock.download	185.53.177.11
piratebay.unlockproject.co	185.53.177.52
fzmoviez.me	185.53.177.50
live-sports.crichd.com	104.27.132.149
mips.tv	104.24.118.48
vipleague.ws	162.253.131.58
www.mp3khan.in	104.24.109.143
extor.xyz	185.53.177.31
www.movizinfo.com	172.106.254.236
videohub.ws	185.53.177.52
hdmusic99.me	104.24.103.64
thepiratebay.bypassed.me	185.53.177.52
www.dagay.com	34.225.207.133
immunicity.world	185.53.177.53
www.flirt4free.com	204.8.234.144
uploadable.ch	185.53.178.51
momsteachsex.com	46.182.108.7
www.amazingmaturesluts.com	199.182.107.5
filmywap.life	104.27.133.73
www.cloudzilla.to	104.27.128.32
in.spankbang.com	104.16.123.72
www.nakedboobs.net	68.169.101.238
vidshare.tv	104.31.64.65
stormfront.org	104.22.7.143
v.youku.com	47.91.203.234
torrentz.to	104.18.34.8
strikeout.me	46.28.205.20
unblocked.cat	104.24.98.208
worldfree4you.in	185.53.177.51
shaanig.org	104.24.122.44
mysupermovies.com	185.53.177.52
torrentbit.ukbypass.top	185.53.177.51
www.join4films.net	213.186.33.87
hdfreemovies.in	91.195.240.126
www.worldfree4up.info	185.53.177.52
mulligansmilfs.com	109.206.176.27
sportlemon.ge	104.31.5.185
www.movierulz.cx	185.53.177.51
limetorrents.unblockmy.host	185.53.178.54
p2p4u.es	185.53.178.50
matureclits.net	68.169.85.103
www.trendhunter.com	192.229.144.157
www.eroticbeauties.net	64.188.52.53
www.thecinebay.com	104.18.60.128
www.500mbdownload.com	103.224.182.245
hihimovies.com	103.224.182.251
www.eternaldesire.com	207.66.141.189
www.eloantv.com	45.88.202.115
timesofummah.com	104.27.144.179
skynetcom.net	107.180.47.9
nitroflare.com	104.18.40.208
livetv123.net	104.24.115.230
tamilinks.com	185.53.177.31
1337x.unlockproject.win	185.53.177.54
sportlemontv.eu	185.53.177.51
monova.org	104.28.9.86
www.limetor.net	150.107.1.2
telegram.me	149.154.167.99
totalsportek.com	104.24.106.2
www.womeninyears.com	104.28.28.102
movie.geourdu.com	213.186.33.2
watchtvlive.in	185.53.177.54
newhdmovies24.info	185.53.177.12
onlinemoviewatchs.com	103.224.182.238
torrentbit.unblocked.bet	104.18.33.42
www.cricvid.com	185.53.177.52
torrage.com	185.109.87.28
www.footballhd.me	46.30.215.84
www.mrskin.com	151.139.128.11
www.mysupermovies.com	185.53.177.52
www.moviemafia.in	196.247.26.253
www.nude-oldies.com	95.211.213.51
www.posing-matures.com	199.115.115.67
xxxmaturepost.com	104.27.134.13
www.watchtvlive.co	98.129.229.93
limetorrents.bypassed.red	185.53.178.54
playbolo.com	103.224.182.239
vodlocker.info	104.27.139.161
piratebaymirror.eu	185.53.179.22
www.filesbomb.in	91.121.210.207
thepiratebay.ae.org	54.153.56.183
torrentdownload1.immunicity.gold	185.53.177.52
www.freemovieonline.co	104.24.122.57
www.freeones.ch	45.32.2.91
tproxy.pro	185.53.178.52
www.pornerbros.com	104.16.170.16
unblocked.tw	104.24.113.62
www.feed2all.eu	80.82.70.121
watchlivestream.in	209.58.183.45
fullmoviedownloads6102.blogspot.in	172.217.163.33
torrentdownloads.immunicity.gold	185.53.177.52
www.nexxx.com	185.182.57.241
www.fridaysource.com	104.28.26.33
thepiratebay.bypassed.today	185.53.177.53
zunox.hk	185.53.177.11
tamilrockers.ws	104.27.162.168
mature-beach.com	68.169.85.36
www.wiziwig.tv	104.28.29.69
movies2fun-me.blogspot.in	172.217.163.33
www.ass4all.com	185.88.181.6
1337x.unlockproject.co	185.53.177.52
sheikyermami.com	192.124.249.11
streamgaroo.com	104.18.54.42
streamhd.eu	95.216.208.165
www.teensnow.com	185.88.181.54
kickass.cd	104.27.159.29
freehdsport.is	185.53.179.24
jrunk.tumblr.com	74.114.154.22
tune.video	37.221.164.179
liveleak.com	199.80.59.186
live-24-tv.com	63.250.38.14
www.cloaktube.com	46.229.166.165
kickass.immunicity.team	185.53.177.50
www.torrentbit.net	104.28.13.124
sabwap.com	104.24.111.123
pirateunblocked.com	194.59.166.147
mp4moviez.mobi	185.53.177.54
live2sport.com	194.247.12.182
teamrockers.me	185.53.177.54
watch.crichd.com	104.27.132.149
www.babes.com	66.254.114.54
www.123freemovie.info	185.53.178.50
twitter.com	104.244.42.129
www.onlyporngif.com	5.196.114.186
es.porn.com	67.22.49.255
btscene.bypassed.today	185.53.177.53
torrentz.in	104.18.60.137
ucrickethighlights.com	104.18.44.253
www.hdtorrentmovies.com	198.54.114.240
sportz-hd.eu	185.53.178.50
tamilmovierockers.in	103.224.182.238
www.adult-gals.com	64.59.78.59
filescdn.com	116.202.215.24
www.maturemomsex.com	109.206.166.15
solidfiles.com	37.221.163.214
proxybay.pw	185.53.177.10
milfionaire.com	104.31.95.37
www.megaproxy.com	199.85.208.22
www.milfionaire.com	104.31.94.37
worldwidetorrents.eu	185.53.178.52
www.live.cricvid.tv	104.200.22.130
ifirstrowus.eu	80.82.70.109
www.hairymilfpics.com	88.85.69.10
www.indianteens.org	64.59.78.59
watchvideo2.us	104.27.176.179
www.ifirstrow.eu	80.82.70.109
watchvideo.us	185.224.131.171
www.1337x.to	104.31.89.65
pirates.pw	185.53.177.53
geupload.com	104.200.22.130
thepiratebay.immunicity.live	185.53.177.50
fzm.in	104.18.40.243
www.indiansexuniversity.com	104.31.85.37
worldfree4u.trade	104.27.175.252
time4tv.me	185.53.177.12
www.xvideosnacional.com	103.224.182.207
www.usagoals.tv	103.224.182.248
www.momsforporn.com	174.138.126.222
www.muyzorras.com	184.154.111.157
movie24k.ws	185.53.178.50
thepiratebay.immunicity.gold	185.53.177.52
justwatchmovies.com	185.53.177.53
movie24k.es	185.53.177.51
torrentz.unlockproject.online	185.53.178.54
www.movierulz.ac	185.53.177.12
tvembed.eu	185.53.177.20
watchers.to	103.224.182.241
www.fuq.com	134.209.220.127
thepiratebay.unblocked.world	185.53.178.52
freehdmoviez.net	104.24.116.232
piratebays.co.uk	185.53.177.53
mytvlive.me	185.53.177.52
pirateproxy.red	104.27.173.122
www.cocomilfs.com	109.206.176.27
www.theringling.org	104.18.32.108
www.layarlebar.info	185.53.177.12
mkvmovieshd.info	185.53.178.50
thepiratebay.uk.net	185.53.177.54
gevron.com	185.38.45.169
www.leche69.com	69.50.141.173
www.desikahani.net	104.31.83.215
k2s.cc	104.22.56.248
thepiratebay.unblocked.party	185.53.177.53
btscene.immunicity.live	185.53.177.50
zinkwaphd.com	184.168.131.241
www.ebonyfantasies.com	88.85.69.12
gostream.is	104.27.134.251
www.mygrannypics.com	104.24.124.237
treetorrent.com	179.43.157.64
free4download.xyz	185.53.177.50
immoralmatures.com	68.169.85.99
www.desitvbox.online	185.53.178.50
ww.tamil-sex-movies.net	202.172.28.121
tribune.com.pk	104.17.130.46
www.cumlouder.com	104.24.106.121
www.djmaza.cool	185.53.178.53
streamango.com	34.235.250.63
mirrorace.com	104.18.47.64
piratebaynew.co.uk	185.53.178.53
www.openload.tv	103.224.182.239
thepiratebay.immunicity.world	185.53.177.53
www.sexymaturethumbs.com	104.27.150.14
firstrowau.eu	80.82.70.109
upload.so	185.53.177.54
livestream.sx	104.18.33.151
tv.khantv.com	104.27.187.190
www.oldsweet.com	194.187.99.134
www.zippymoviez.us	185.53.177.54
kickass-cd.bypassed.works	185.53.177.54
hdbuffs.com	104.27.146.37
www.crictime.be	185.53.179.29
www.sexualolders.com	199.115.115.67
unblocked.live	104.18.36.230
www.pornmaturewomen.com	109.206.166.16
www.facebook.com	157.240.218.35
katcr-co.bypassed.info	185.53.177.54
limetorrents.immunicity.world	185.53.177.53
www.movzap.com	185.53.177.52
www.idealwifes.com	88.85.69.11
www.xxxmaturepost.com	104.27.135.13
www.torrenthound.com	104.31.3.188
nowvideo.ch	185.53.178.24
vidup.me	188.240.220.201
www.thexmilf.com	104.18.53.183
torrentdownload.immunicity.gold	185.53.177.52
www.movierulz.is	45.178.5.66
maturenakedsluts.com	192.133.138.52
letitbit.net	92.223.103.169
www.jumbofilebox.com	104.28.2.41
redmovies.co	185.53.177.50
tnrockers.me	185.53.178.54
idimsports.eu	80.82.70.119
filmywap.guru	185.53.177.52
sport-en-streaming.com	104.28.6.27
www.songspk.guru	185.53.179.23
m.facebook.com	157.240.218.35
xxxonxxx.com	104.27.136.226
gomovies.sc	104.24.96.159
www.shitbrix.com	54.85.243.28
limetorrents.unblocked.cam	104.28.5.69
footystream.com	104.24.110.51
www.crickethighlights2.com	104.31.86.6
shared.sx	104.31.87.24
www.femdomempire.com	99.192.130.142
www.gayboystube.com	205.204.90.162
mp4mania.com	163.172.110.116
www.sexyhotmilfs.com	109.206.176.17
www.movierulz.ch	45.178.5.66
www.kproxy.com	167.114.102.230
www.xtube.nom.co	104.28.30.61
funmovies.net	91.195.240.13
shahid4u.com	104.28.7.158
www.3movs.com	92.38.179.155
ozofiles.com	37.49.229.106
www.livestream365.com	104.27.162.241
sexymaturethumbs.com	104.27.151.14
www.freemovieshd.in	185.53.177.51
torrenthaja.com	104.24.124.51
limetorrents.info	104.26.0.249
1337x.usunblock.download	185.53.177.51
streamable.com	151.101.1.63
piratebay.unlockpro.loan	185.53.177.52
www.alohatube.com	88.85.67.119
biggboss10.me	103.224.182.251
girthyencounters.tumblr.com	74.114.154.18
foto-erotica.es	185.53.177.13
kickass.usbypass.men	185.53.177.54
movie24k.to	185.53.177.53
www.toroporno.com	167.99.224.113
sexymaturepics.com	109.206.166.7
www.ledauphine.com	145.226.183.17
www.nowvideo.ch	185.53.178.24
torrentz.bypassed.works	185.53.177.54
plus.google.com	172.217.163.174
jattmovies.com	104.24.122.20
fzmovies.xyz	104.24.125.167
torrentbit.unblocked.at	104.28.8.230
movierulzmovies.com	173.239.8.164
www.solar-movies.com	104.24.101.162
widestream.io	185.53.177.54
www.vid.gg	91.195.240.126
myp2p.ec	185.53.178.53
www.complaintboard.in	104.27.143.192
www.purebbwtube.com	46.229.162.122
www.playvideolink.com	92.223.103.177
maturedolls.net	103.224.182.251
newhdmovies24.net	104.28.23.208
torrentz.eu	104.24.119.51
limetorrents.immunicity.ltd	185.53.177.50
hubfiles.pw	104.31.10.179
www.sitenow.me	104.27.171.235
www.madfortv.com	104.247.81.105
www.freemovieonline.me	104.18.62.148
typepad.com	104.18.140.190
kproxy.com	167.114.118.4
share-online.biz	51.38.98.97
piratebay.unlockpro.racing	185.53.177.53
www.pandamovies.com	159.65.221.114
upload.mobi	104.27.176.250
tamilrockers.club	185.53.178.52
hdmovieplus.net	104.31.86.50
live.khantv.tv	104.200.22.130
www.torrentdownloads.me	104.27.199.88
www.kingtvlive.com	103.224.182.245
1337x.unlockproject.info	185.53.179.29
firstpost.com	180.179.160.207
www.bravoteens.com	88.208.55.220
torrentz.unlockproject.info	185.53.179.29
livesportnow.com	162.213.253.52
onlinemoviewatchs.ws	104.18.42.95
www.watchonlinemovies.cc	103.224.182.245
limetorrents.unblocked.one	104.27.180.148
firstrowus1.eu	91.195.240.126
www.aztecaporno.com	167.99.224.115
www.mature-for-you.com	159.69.83.207
www.dailymotion.com	195.8.215.138
urbanproxy.eu	212.129.45.37
xmovies8.ru	185.53.177.52
usagoals.me	104.27.186.210
www.adultreviews.com	104.26.14.89
www.erotic-olders.com	199.115.115.67
www.sumotorrent.in	91.195.240.126
www.topix.net	104.18.233.47
www.xxx.com	141.0.173.173
www.uwatchfree.co	103.224.182.238
torrentdownloads.ukbypass.us	185.53.177.50
www.watchfilmy.com	104.27.181.217
watch32.is	104.18.34.191
moviesevil.com	103.224.182.238
www.zippymoviez.top	185.53.177.50
putlockeri.com	185.53.177.31
www.djziddi.com	160.153.131.187
www.galsarchive.com	95.211.213.51
www.watchonlinemovie.live	185.53.177.54
torrentz.bypassed.world	185.53.177.53
yourbittorrent.com	104.31.85.208
thepetitionsite.com	38.99.122.2
www.pinkcupid.com	104.121.250.211
hulkfile.eu	103.224.182.250
xxx.com	141.0.173.173
www.pinkworld.com	64.111.221.56
livecricket.is	89.35.39.95
onlinemoviewatchs.li	103.224.182.250
www.bonporn.com	46.105.34.248
livecricketstreaming.net	104.27.137.31
moviesbear.com	91.195.240.126
onlinemoviesprime.com	104.24.99.178
limetorrents.bypassed.me	185.53.177.52
onlinemoviesgold.one	185.53.177.11
www.multiup.eu	104.27.174.48
www.livetv.sx	185.39.10.6
torrent.tm	104.27.129.216
web.mobilecric.com	173.208.244.218
www.crimaz.com	104.28.12.113
www.queentorrent.net	179.43.157.64
torrentz.immunicity.gold	185.53.177.52
putload.tv	45.178.5.2
gnula.nu	104.26.1.198
topkickass.com	104.18.36.36
limetorrents2.immunicity.gold	185.53.177.52
extratorrent.to	104.18.35.99
www.chilimili.com	198.20.71.143
fullsportlive.org	103.224.182.251
www.old-vulva.com	159.69.83.207
www.rubias19.com	104.26.10.43
torrentdownloads.unblocked.live	104.18.37.230
moviesfreely.live	185.53.178.53
www.maturepornpics.com	78.140.144.2
www.mulligansmilfs.com	109.206.176.27
tpb.menthix.net	5.79.109.246
www.indian-sex-hoes.com	104.31.64.69
tamilserials.tv	104.28.4.40
torrentdownloads.bypassed.men	185.53.177.50
uppit.com	104.26.10.110
es.chaturbate.com	104.18.100.40
olympicstreams.me	45.178.5.228
piratebay.unlockpro.win	185.53.178.50
ryushare.com	104.28.10.91
www.vipboxtv.me	45.178.7.91
stream2watch.cc	104.28.15.91
www.p2p4ever.com	108.187.200.146
tny.cz	144.76.196.51
torrentz.bypassed.pw	185.53.177.50
www.songsbling.com	104.24.104.128
www.videoraj.to	158.85.81.10
matureinlove.net	188.42.163.228
tamilrockers.nu	185.53.178.50
hdmp4cinemas.com	91.195.240.117
kellydivine.co	64.188.63.137
www.nudematurewomenphotos.com	64.188.57.28
speedplay.us	91.235.142.201
torrentbit.unblocked.run	185.53.178.54
playit.pk	104.24.107.50
www.gamovideo.com	104.24.101.227
sockshare.ws	185.53.178.54
fullmovieonline077.blogspot.in	172.217.163.33
www.spankwire.com	66.254.114.180
www.herbalviagraworld.com	50.87.144.177
world4ufree.ws	185.53.178.23
filmfree4u.net	184.168.131.241
insext.net	151.80.171.138
mhdtvlive.co.in	185.53.177.54
oneload.co	104.27.134.12
torrentfunk.unblocked.pw	104.28.11.253
webtv.pk	13.233.238.76
www.videosdemadurasx.com	5.39.27.157
vidcrazy.net	91.195.240.68
jattmovies.online	185.53.177.54
thepiratebay.gr.com	72.34.38.11
www.bolly-zone.me	91.195.240.13
putlocker.is	185.53.178.51
www.myfeed4u.net	104.27.138.86
torrentfunk.unblocked.one	104.27.180.148
torrentz.unblockproxy.download	185.53.177.51
playpanda.net	95.216.161.60
www.olweb.tv	77.73.67.112
www.kickass.com	104.28.3.67
eztv.unblocked.onl	104.27.162.92
avimovies.uclip.mobi	198.54.117.244
mature-women-tube.net	213.174.133.210
www.torrentdownloads.cc	104.31.78.76
watchfreemovies.live	185.53.177.53
tamilimac.com	103.224.182.245
torrentdownloads.unblocked.tw	104.24.112.62
torrenthound.com	104.31.3.188
www.videotanker.co	185.53.177.52
mymp4movies.info	185.53.178.12
thepiratebay.rocks	104.28.19.97
mytamiltv.cf	103.224.182.250
www.nudeartstars.com	80.77.82.232
www.pornodoido.com	104.31.1.184
japanesexxxtube.com	104.24.113.30
watchonlinefree.com	104.27.184.2
wikipedia.org	103.102.166.224
www.flashtv.co	104.31.74.230
khatrimaza.co.in	103.224.182.238
perfecthdmovies.pw	185.53.177.51
p3g.tv	104.27.164.18
limetorrents.unblocked.la	104.31.86.7
madfortv.com	104.247.81.105
fussball-live-streams.com	104.200.22.130
hiddenharmonies.org	159.203.241.201
thepiratebay.unblocked.run	185.53.178.54
videofun.me	104.27.128.209
torrentz.unlockpro.club	91.195.240.126
myfreemoms.com	37.48.105.208
mypornbookmarks.com	18.184.9.116
fzmovies.net	104.31.13.160
www.2downloadz.com	104.200.22.130
piratebay.unlockproject.info	185.53.179.29
worldtamiltube.com	104.27.138.237
www.movies-300mb.net	198.58.118.167
limetorrents.unblocked.bet	104.18.33.42
mouparkstreet.blogspot.in	172.217.163.33
knaben.co	84.214.65.179
www.sensongsmp3.com	104.24.99.119
limetor.com	104.18.42.49
www.eporner.com	82.192.65.66
torrertbit.immunicity.fyi	185.53.177.51
www.dhakamovie.com	104.27.130.213
sport4u.live	104.31.80.252
thepiratebay.to	104.24.118.213
vidtodo.com	104.18.39.106
piratebay.unlockpro.download	185.53.177.52
hdmusic90.co	185.53.178.52
www.24fullmovies.online	185.53.178.50
kickass.unblocked.onl	104.27.163.92
torrentdownloads.unlockpro.bid	185.53.177.31
limetorrents.immunicity.party	185.53.178.53
www.sweetmaturepics.com	103.224.182.251
www.riskyjatt.com	104.27.178.80
www.sportp2p.com	104.24.111.95
usagoals.com	104.18.47.16
tuttosportweb.com	103.224.182.251
www.azhibo.com	104.27.176.29
www.indian-sex-photos.net	104.27.184.152
masturbationaddiction.net	192.254.233.206
www.alexa.com	99.86.23.111
www.torrentreactor.net	85.159.237.71
piratebayaccess.co.uk	185.53.177.52
kickass-cd.immunicity.gold	185.53.177.52
www.jeffdunhamfuckdoll.com	184.168.131.241
www.alexmatures.com	104.27.160.241
wracurlopec.wordpress.com	192.0.78.13
www.videohut.to	185.53.177.52
todaypk.cz	185.53.177.13
www.free-porn-pics.net	95.211.213.51
stiflersmoms.com	37.48.105.208
www.imomsex.com	109.206.166.4
www.hardsextube.com	104.26.8.104
www.vpnbook.com	46.28.53.124
xxxadulttube.com	104.18.38.66
www.exvideos.com	103.224.182.246
torrentdownloads.unblocked.pe	185.53.177.53
www.ah-me.com	192.243.54.122
spearl.net	142.234.24.10
vidconi.com	185.53.177.31
movie4k.tv	104.24.117.69
web.crictime.com	188.166.203.57
www.totalsportek.com	104.24.107.2
freelivefussball.de	185.36.134.7
newreleasemoviesonline.wikia.com	151.101.192.194
torrentdownloads.immunicity.world	185.53.177.53
pirateportal.xyz	104.27.137.241
www.janjua.tv	104.31.78.56
www.usagoals.me	104.27.187.210
tamilrockers.life	104.31.95.14
primewire.ag	104.27.177.207
torrentz.unlockpro.racing	185.53.177.53
tpb.clean.pro	185.53.177.52
www.resultandnews.com	66.85.167.146
www.tamiltv.site	104.28.14.180
gofirstrowuk.eu	80.82.70.109
www.secretarypics.com	188.72.222.195
www.shemales.com	3.130.10.176
www.bullporn.com	46.229.166.165
www.replaymatches.com	104.18.33.223
videoraj.ch	185.53.177.53
liveonlinetv247.info	85.204.246.57
torrentz.unlockpro.pw	185.53.178.50
www.magnetdl.com	104.27.166.192
www.vidup.com	62.210.127.25
micast.tv	104.31.3.172
proxi.space	198.185.159.145
torrentz.unlockpro.trade	185.53.178.14
indianvidz.com	104.24.110.154
rarbg.bypassed.world	185.53.177.53
www.futebolaovivo.net	89.46.105.44
1337x.usbypass.us	185.53.177.51
www.moviecinema.in	185.53.178.52
www.uploadable.ch	185.53.178.51
mp4mania.club	185.53.177.54
sportlink.pw	185.53.178.50
www.wasu.cn	101.89.100.225
c247.la	103.224.182.250
live.ptvsports.pk	178.237.35.43
www.jizzhut.com	31.192.122.226
watchonlinesfree.live	185.53.177.50
musikzoo.com	104.17.130.74
limetorrents.com	104.27.177.186
voirfilms.info	104.31.74.93
www.crichd.be	104.24.114.178
www.pornhub.com	66.254.114.41
tamiltwistgo.com	82.118.236.183
www.3gpmobilemovies.com	103.224.182.245
zeefiles.download	104.31.15.154
limetorrents.bypassed.men	185.53.177.50
mimti1.moviesmobile.net	185.53.177.51
khatriuploads.pw	185.53.178.50
www.fotosmujeres.pibones.com	162.213.121.229
www.zupload.pw	104.27.135.130
every-seven-seconds.tumblr.com	74.114.154.22
mindslostinlust.tumblr.com	74.114.154.18
www.seehd.ws	104.18.59.22
torrentdownloads.bypassed.info	185.53.177.54
www.movierulz.to	45.178.5.66
putlocker.bypassed.info	185.53.177.54
hhmovies.com	150.95.54.146
tusfiles.net	185.120.144.206
www.djjohal.video	104.18.53.243
www.webcric.be	104.27.184.47
www.petiteporn.pw	104.18.40.181
www.puritanas.com	104.26.6.249
torrentdownloads.unblocked.pw	104.28.11.253
www.hdfree.tv	103.224.182.251
limetorrents.immunicity.red	185.53.177.52
www.waparina.com	23.235.198.21
movies.zippymoviez.ch	185.53.177.52
www.watchfullmovies.in	185.53.179.29
kickass.unlockproject.host	185.53.177.53
www.desitales.com	104.27.137.240
kickass.unlockproject.bid	185.53.177.53
limetorrents.bypassed.site	185.53.178.54
www.torrents.net	104.24.121.14
moviesraj.blogspot.in	172.217.163.33
www.torrentmovies.net	185.53.177.52
hdmp4mania.com	163.172.110.116
lampza.com	185.53.177.31
torrentz.asia	185.53.178.54
home.crichd.com	104.27.132.149
watch32movies.eu	185.53.177.54
www.freehosting.com	104.31.65.105
www.tgo-tv.com	104.28.14.103
janjua.tv	104.31.78.56
wixvi.com	159.69.186.9
vpn.aglresources.com	65.243.68.8
torrentdownloads.unblockmy.host	185.53.178.54
fr-nostradamus.com	104.247.81.104
live.livewidget.net	95.216.161.60
katfile.com	104.24.124.185
liveflash.tv	104.24.124.66
streame.us	104.200.22.130
filmywap.net	104.27.174.15
ufile.eu	95.128.201.224
fullmovieflix.com	184.168.131.241
torrentdownload2.immunicity.gold	185.53.177.52
latestonlinemovie.info	198.58.118.167
todaypk.is	104.24.101.143
www.roundandbrown.com	66.254.114.54
gofirstrow.eu	80.82.70.109
uploadrocket.net	45.33.23.183
www.crichomes.com	104.24.104.6
promptfile.com	159.69.83.207
vn89.biz	47.245.10.59
hdmovie16.ws	185.53.177.51
strikeout.mobi	162.219.178.134
moviesfuntime.com	103.224.182.245
www.torrentfunk.com	104.27.170.80
khantv.org	95.215.225.16
mp4moviez.net	103.224.182.238
gramateurs.com	88.208.20.24
www.surwap.in	188.165.11.180
skytorrents.in	185.53.178.50
torrentdownloads.bypassed.me	185.53.177.52
uplust.com	104.26.0.88
torrentfunk.unblocked.live	104.18.37.230
heroupload.com	37.48.124.24
jattmovies.site	185.53.178.51
www.worldfree4u.nl	185.53.177.51
motherless.com	46.166.188.36
kickass.unblocked.live	104.18.37.230
limetorrents.unblocked.cat	104.24.98.208
www.rk.com	66.254.114.54
tvtoss.me	185.53.178.51
www.52waha.com	47.56.101.107
www.breeolson.com	35.196.188.144
tamilrasigan.net	104.31.68.146
vidshare.us	103.224.182.239
www.private.com	173.239.49.221
myfeed2all.eu	80.82.70.121
tamilgun.ooo	185.53.177.51
themagnetbay.pro	185.53.177.14
www.playlivetv.net	198.54.116.204
1337x.unlockproject.online	185.53.178.54
tvmazza.com	104.24.117.207
torrertbit.bypassed.info	185.53.177.54
filmywap.site	185.53.178.54
p2p4ever.com	108.187.200.146
yucache.net	162.211.95.10
tenvoi.com	5.39.224.140
idope.ukunblock.pw	185.53.177.53
www.monova.org	104.28.8.86
freex.mobi	104.28.11.125
www.filepup.net	198.255.62.10
unblocked.run	185.53.178.54
cinerockers.co	185.53.177.50
worldfree4.org	173.212.225.106
torrentdownloads.usbypass.us	185.53.177.51
uptobox.com	104.22.53.218
extratorrents.cx	185.53.177.51
hothomemadepix.tumblr.com	74.114.154.22
es.xhamster.com	104.18.156.3
www.sendmyway.com	85.17.72.145
skysport.tv	185.53.178.24
moviesworld.in	185.53.177.50
www.tubegogo.com	185.73.221.214
freemoviedownload.me	185.53.178.23
torrentbit.unblocked.tw	104.24.113.62
toreye.com	179.43.157.64
www.fullmovietorrent.com	104.221.241.14
yts.unblocked.vip	104.18.50.219
gilli.tv	104.28.30.219
